{"cameraMode":{"drawMode":0,"name":"Shaded","section":"Shading Mode"},"sceneLighting":true,"audioPlay":false,"sceneViewState":{"m_AlwaysRefresh":false,"showFog":true,"showSkybox":true,"showFlares":true,"showImageEffects":true,"showParticleSystems":true,"showVisualEffectGraphs":true,"m_FxEnabled":true},"in2DMode":false,"pivot":{"x":-10.215946197509766,"y":3.2764487266540529,"z":11.547164916992188},"rotation":{"x":0.07632274180650711,"y":-0.4531639814376831,"z":0.03898750990629196,"w":0.8873013854026794},"size":16.63298797607422,"orthographic":false}